﻿<?xml version="1.0" encoding="utf-8"?><html xmlns:xsi="http://www.w3.org/2001/XMLSchema-instance" xsi:noNamespaceSchemaLocation="http://www.langmaster.com/new/author/coursemodelschema.xsd">
  <head>
    <title></title>
    <style />
  </head>
  <body xmlns:xsd="http://www.w3.org/2001/XMLSchema" xmlns:xsi="http://www.w3.org/2001/XMLSchema-instance">
  <h1 class="techInstr  ">ŘAZENÍ VĚT</h1>
  <p>Vaším úkolem je seřadit věty do správného pořadí. Postupujte následovně:</p>
  <ol>
    <li>Klikněte na větu, kterou chcete zatřídit.</li>
    <li>Věta bude přesunuta.</li>
    <li>Chcete-li větu přesunout zpět mezi nesetříděné, klikněte na ni.</li>
  </ol>
</body>
</html>