﻿<?xml version="1.0" encoding="utf-8"?><html>
  <head>
    <title></title>
  </head>
  <body>
    <h1 class="techInstr  ">MLUVENÍ</h1>
    <p>Vaším úkolem je nahrát s pomocí mikrofonu jednu nebo více nahrávek. Doporučujeme postupovat následovně:</p>
    <ol>
      <li>
        Nejprve si přečtěte otázku a rozmyslete si, co budete říkat. Doporučujeme, abyste si udělali poznámky na papír. Pokud si ještě navíc zkusíte svoje poznámky říci nahlas, zvýšíte tím úspěšnost nahrávky.
      </li>
      <li>
        Jakmile budete připraveni, klikněte na tlačítko Spustit nahrávání. Mluvte pokud možno souvisle do mikrofonu. Snažte se mluvit dostatečně hlasitě a udržovat stále stejnou vzdálenost úst od mikrofonu, aby byla Vaše nahrávka v co nejvyšší kvalitě. Pokud uděláte chybu, nezastavujte nahrávání, ale pokračujte plynule dále. Chybu můžete opravit v následující větě.
      </li>
     
    </ol>
  </body>
</html>