﻿<?xml version="1.0" encoding="utf-8"?><html xmlns:xsi="http://www.w3.org/2001/XMLSchema-instance" xsi:noNamespaceSchemaLocation="http://www.langmaster.com/new/author/coursemodelschema.xsd">
  <head>
    <title></title>
    <style />
  </head>
  <body xmlns:xsd="http://www.w3.org/2001/XMLSchema" xmlns:xsi="http://www.w3.org/2001/XMLSchema-instance">
  <h1 class="techInstr  ">ŘAZENÍ SLOV</h1>
  <p>Vaším úkolem je seřadit slova do správného pořadí, aby tvořila větu. Postupujte následovně:</p>
  <ol>
    <li>Klikněte na slovo, které chcete zatřídit.</li>
    <li>Slovo bude přesunuto.</li>
    <li>Chcete-li slovo přesunout zpět mezi nesetříděné, klikněte na něj.</li>
  </ol>
</body>
</html>