﻿<?xml version="1.0" encoding="utf-8"?><html xmlns:xsi="http://www.w3.org/2001/XMLSchema-instance" xsi:noNamespaceSchemaLocation="http://www.langmaster.com/new/author/coursemodelschema.xsd">
  <head>
    <title></title>
    <style />
  </head>
  <body xmlns:xsd="http://www.w3.org/2001/XMLSchema" xmlns:xsi="http://www.w3.org/2001/XMLSchema-instance">
  <h1 class="techInstr  ">{{th119|MODIFICATION (CORRECTION) OF THE TEXT}}</h1>
  <p>{{tp29|Your task is to rewrite the words in the gap into the correct form. Proceed as follows:}}</p>
  <ol>
    <li>{{tli59|Click on the text you wish to change - a blinking cursor appears.}}</li>
    <li>{{tli60|Rewrite the text into the correct form. It is possible, that no changes will be needed.}}</li>
  </ol>
</body>
</html>