﻿<?xml version="1.0" encoding="utf-8"?><html xmlns:xsi="http://www.w3.org/2001/XMLSchema-instance" xsi:noNamespaceSchemaLocation="http://www.langmaster.com/new/author/coursemodelschema.xsd">
  <head>
    <title></title>
    <style />
  </head>
  <body xmlns:xsd="http://www.w3.org/2001/XMLSchema" xmlns:xsi="http://www.w3.org/2001/XMLSchema-instance">
  <h1 class="techInstr  ">{{th125|LISTEN &amp;amp; TALK}}</h1>
  <p>{{tp34|When practicing your pronunciation, proceed as follows:}}</p>
  <ol>
    <li>{{tli74|Click the Play icon and listen to the original recording.}}</li>
    <li>{{tli75|Click the Record icon and record your own pronunciation. To stop recording, click the icon again.}}</li>
    <li>{{tli76|Click the next Play icon, replay your recording and compare it with the original one.}}</li>
    <li>{{tli77|Repeat the whole process until you are satisfied with the result.}}</li>
  </ol>
</body>
</html>