﻿<?xml version="1.0" encoding="utf-8"?><html xmlns:xsi="http://www.w3.org/2001/XMLSchema-instance" xsi:noNamespaceSchemaLocation="http://www.langmaster.com/new/author/coursemodelschema.xsd">
  <head>
    <title></title>
    <style />
  </head>
  <body xmlns:xsd="http://www.w3.org/2001/XMLSchema" xmlns:xsi="http://www.w3.org/2001/XMLSchema-instance">
  <h1 class="techInstr  ">{{th19|MULTIPLE CHOICE - MORE CORRECT ANSWERS}}</h1>
  <p>{{tp11|Your task is to select (mark) correct options. None of the options are selected by default. Proceed as follows:}}</p>
  <ol>
    <li>{{tli30|Left click the chosen item.}}</li>
    <li>{{tli31|The option will be selected (marked).}}</li>
  </ol>
  <p>{{tp12|To cancel your selection click on selected item again.}}</p>
</body>
</html>