﻿<?xml version="1.0" encoding="utf-8"?><html xmlns:xsi="http://www.w3.org/2001/XMLSchema-instance" xsi:noNamespaceSchemaLocation="http://www.langmaster.com/new/author/coursemodelschema.xsd">
  <head>
    <title></title>
    <style />
  </head>
  <body xmlns:xsd="http://www.w3.org/2001/XMLSchema" xmlns:xsi="http://www.w3.org/2001/XMLSchema-instance">
  <h1 class="techInstr  ">{{th15|PAIRING}}</h1>
  <p>{{tp5|Your task is to pair the left column items with the items of the right column, so that the created pairs make sense. Proceed as follows:}}</p>
  <ol>
    <li>{{tli20|Left click an icon to select a left column item. The item will be highlighted.}}</li>
    <li>{{tli21|Click on the corresponding item in the right column.}}</li>
    <li>{{tli22|The item from the right column will be moved next to the correspoding item from the left column.}}</li>
    <li>{{tli23|The items will be linked.}}</li>
  </ol>
</body>
</html>