﻿<?xml version="1.0" encoding="utf-8"?><html xmlns:xsi="http://www.w3.org/2001/XMLSchema-instance" xsi:noNamespaceSchemaLocation="http://www.langmaster.com/new/author/coursemodelschema.xsd">
  <head>
    <title></title>
    <style />
  </head>
  <body xmlns:xsd="http://www.w3.org/2001/XMLSchema" xmlns:xsi="http://www.w3.org/2001/XMLSchema-instance">
  <h1 class="techInstr  ">{{th1|SENTENCE SEQUENCING}}</h1>
  <p>{{tp|Your task is to put the sentences into correct order. Proceed as follows:}}</p>
  <ol>
    <li>{{tli|Click on the sentence you wish to move. The sentence will be highlighted.}}</li>
    <li>{{tli1|Hold the left mouse button down and drag the sentence to the right place.}}</li>
    <li>{{tli2|When the mouse arrow points to the right place, release the left mouse button.}}</li>
    <li>{{tli3|The sentence will be moved.}}</li>
  </ol>
</body>
</html>