﻿<?xml version="1.0" encoding="utf-8"?><html xmlns:xsi="http://www.w3.org/2001/XMLSchema-instance" xsi:noNamespaceSchemaLocation="http://www.langmaster.com/new/author/coursemodelschema.xsd">
  <head>
    <title></title>
    <style />
  </head>
  <body xmlns:xsd="http://www.w3.org/2001/XMLSchema" xmlns:xsi="http://www.w3.org/2001/XMLSchema-instance">
  <h1 class="techInstr  ">{{th16|SINGLE CHOICE - ONE CORRECT ANSWER}}</h1>
  <p>{{tp6|Your task is to select the correct one out of several offered options. Proceed as follows:}}</p>
  <ol>
    <li>{{tli24|Left click the chosen item.}}</li>
    <li>{{tli25|If you wish to change your selection, click another option.}}</li>
  </ol>
</body>
</html>