﻿<?xml version="1.0" encoding="utf-8"?><html xmlns:xsi="http://www.w3.org/2001/XMLSchema-instance" xsi:noNamespaceSchemaLocation="http://www.langmaster.com/new/author/coursemodelschema.xsd">
  <head>
    <title></title>
    <style />
  </head>
  <body xmlns:xsd="http://www.w3.org/2001/XMLSchema" xmlns:xsi="http://www.w3.org/2001/XMLSchema-instance">
  <h1 class="techInstr  ">{{th122|SOUND PLAYBACK}}</h1>
  <p>{{tp31|Exercises with a sound-track can be recognized by their “sound mark”. There are two types of sound mark:}}</p>
  <ol>
    <li>{{tli61|A big sound mark is used to replay longer recordings (articles, dialogues). In this case you cannot see the text, you can only hear it.}}</li>
    <li>{{tli62|A small sound mark is used to replay words or sentences. You can see the text and listen to it at the same time.}}</li>
    <li>{{tli63|To play the sound, click the sound mark. To stop replaying, click elsewhere on the screen.}}</li>
  </ol>
</body>
</html>