﻿<?xml version="1.0" encoding="utf-8"?><html xmlns:xsi="http://www.w3.org/2001/XMLSchema-instance" xsi:noNamespaceSchemaLocation="http://www.langmaster.com/new/author/coursemodelschema.xsd">
  <head>
    <title></title>
    <style />
  </head>
  <body xmlns:xsd="http://www.w3.org/2001/XMLSchema" xmlns:xsi="http://www.w3.org/2001/XMLSchema-instance">
  <h1 class="techInstr  ">{{th18|TEXT SELECTION (MARKING) - MULTIPLE CORRECT ANSWERS}}</h1>
  <p>{{tp9|Your task is to select sentence parts, words, word parts, syllables or characters. Proceed as follows:}}</p>
  <ol>
    <li>{{tli28|Place the mouse cursor over the item (sentence part, word, word part, syllable or character) you wish to select.}}</li>
    <li>{{tli29|Left click the item, it will be marked (selected).}}</li>
  </ol>
  <p>{{tp10|To cancel your selection click on selected item again.}}</p>
</body>
</html>