﻿<?xml version="1.0" encoding="utf-8"?><html xmlns:xsi="http://www.w3.org/2001/XMLSchema-instance" xsi:noNamespaceSchemaLocation="http://www.langmaster.com/new/author/coursemodelschema.xsd">
  <head>
    <title></title>
    <style />
  </head>
  <body xmlns:xsd="http://www.w3.org/2001/XMLSchema" xmlns:xsi="http://www.w3.org/2001/XMLSchema-instance">
  <h1 class="techInstr  ">{{th124|VOCABULARY}}</h1>
  <p>{{tp33|When learning new vocabulary, proceed as follows:}}</p>
  <ol>
    <li>{{tli71|Read the new word (phrase) and the corresponding translation.}}</li>
    <li>{{tli72|Click the speaker icon and listen to the correct pronunciation.}}</li>
    <li>{{tli73|Click the microphone icon and practice correct pronunciation using Listen&amp;amp;Talk application.}}</li>
  </ol>
</body>
</html>