﻿<?xml version="1.0" encoding="utf-8"?><html xmlns:xsi="http://www.w3.org/2001/XMLSchema-instance" xsi:noNamespaceSchemaLocation="http://www.langmaster.com/new/author/coursemodelschema.xsd">
  <head>
    <title></title>
    <style />
  </head>
  <body xmlns:xsd="http://www.w3.org/2001/XMLSchema" xmlns:xsi="http://www.w3.org/2001/XMLSchema-instance">
  <h1 class="techInstr  ">{{th117|YES/NO QUESTIONS}}</h1>
  <p>{{tp26|Your task is to decide whether the answers to the questions are Yes or No.}}</p>
  <ol>
    <li>{{tli54|If the correct answer is Yes, click on YES.}}</li>
    <li>{{tli55|If the correct answer is No, click on NO.}}</li>
  </ol>
</body>
</html>