﻿<?xml version="1.0" encoding="utf-8"?><html xmlns:xsi="http://www.w3.org/2001/XMLSchema-instance" xsi:noNamespaceSchemaLocation="http://www.langmaster.com/new/author/coursemodelschema.xsd">
  <head>
    <title></title>
    <style />
  </head>
  <body xmlns:xsd="http://www.w3.org/2001/XMLSchema" xmlns:xsi="http://www.w3.org/2001/XMLSchema-instance">
  <h1 class="techInstr  ">ÚPRAVA (OPRAVA) TEXTU</h1>
  <p>Vaším úkolem je přepsat slova v okénku do správného tvaru. Postupujte následovně:</p>
  <ol>
    <li>Klikněte na text, který chcete změnit - objeví se blikající kurzor.</li>
    <li>Přepište text do správného tvaru. Může se stát, že žádné úpravy nebudou potřeba.</li>
  </ol>
</body>
</html>