﻿<?xml version="1.0" encoding="utf-8"?><html xmlns:xsi="http://www.w3.org/2001/XMLSchema-instance" xsi:noNamespaceSchemaLocation="http://www.langmaster.com/new/author/coursemodelschema.xsd">
  <head>
    <title></title>
    <style />
  </head>
  <body xmlns:xsd="http://www.w3.org/2001/XMLSchema" xmlns:xsi="http://www.w3.org/2001/XMLSchema-instance">
  <h1 class="techInstr  ">{{th113|FILLING IN FROM A LIST (DRAG &amp;amp; DROP)}}</h1>
  <p>{{tp18|Your task is to fill in the empty boxes within the text. You are given a list of items with different properties as described below:}}</p>
  <ol>
    <li>{{tli40|after dragging, the item in the list will be deactivated}}</li>
    <li>{{tli41|after dragging, the item in the list is not deactivated and can be used again}}</li>
  </ol>
  <p>{{tp19|Proceed as follows:}}</p>
  <ol>
    <li>{{tli42|Click an item in the list. It will be highlighted.}}</li>
    <li>{{tli43|Hold the left mouse button down and drag the item to the empty gap.}}</li>
    <li>{{tli44|Release the left mouse button. The item will be moved.}}</li>
  </ol>
  <p>{{tp20|To recall your selection, select and drag a different item from the list into its place.}}</p>
</body>
</html>