﻿<?xml version="1.0" encoding="utf-8"?><html xmlns:xsi="http://www.w3.org/2001/XMLSchema-instance" xsi:noNamespaceSchemaLocation="http://www.langmaster.com/new/author/coursemodelschema.xsd">
  <head>
    <title></title>
    <style />
  </head>
  <body xmlns:xsd="http://www.w3.org/2001/XMLSchema" xmlns:xsi="http://www.w3.org/2001/XMLSchema-instance">
  <h1 class="techInstr  ">{{th14|PAIRING}}</h1>
  <p>{{tp4|It is your task to connect (pair) left column items with items of the right column. Proceed as follows:}}</p>
  <ol>
    <li>{{tli16|Click on the item in the right column that you wish to move. The item will be highlighted.}}</li>
    <li>{{tli17|Hold the left mouse button down and drag the right column item next to the corresponding left column item.}}</li>
    <li>{{tli18|Release the left mouse button.}}</li>
    <li>{{tli19|The items will be linked.}}</li>
  </ol>
</body>
</html>