﻿<?xml version="1.0" encoding="utf-8"?><html xmlns:xsi="http://www.w3.org/2001/XMLSchema-instance" xsi:noNamespaceSchemaLocation="http://www.langmaster.com/new/author/coursemodelschema.xsd">
  <head>
    <title></title>
    <style />
  </head>
  <body xmlns:xsd="http://www.w3.org/2001/XMLSchema" xmlns:xsi="http://www.w3.org/2001/XMLSchema-instance">
  <h1 class="techInstr  ">{{th11|PICTURE SEQUENCING}}</h1>
  <p>{{tp1|Your task is to put the pictures into correct order. Proceed as follows:}}</p>
  <ol>
    <li>{{tli4|Click on the picture you wish to move. The picture will be highlighted.}}</li>
    <li>{{tli5|Hold the left mouse button down and drag the picture to the right place.}}</li>
    <li>{{tli6|When the mouse arrow points to the right place, release the left mouse button.}}</li>
    <li>{{tli7|The picture will be moved.}}</li>
  </ol>
</body>
</html>