﻿<?xml version="1.0" encoding="utf-8"?><html xmlns:xsi="http://www.w3.org/2001/XMLSchema-instance" xsi:noNamespaceSchemaLocation="http://www.langmaster.com/new/author/coursemodelschema.xsd">
  <head>
    <title></title>
    <style />
  </head>
  <body xmlns:xsd="http://www.w3.org/2001/XMLSchema" xmlns:xsi="http://www.w3.org/2001/XMLSchema-instance">
  <h1 class="techInstr  ">VÝBĚR Z VÍCE MOŽNOSTÍ - PRÁVĚ JEDNA SPRÁVNÁ</h1>
  <p>Vaším úkolem je na základě úvodního poslechu vybrat k zadáním správné odpovědi. Doporučujeme postupovat následovně:</p>
  <ol>
    <li>Klikněte levým tlačítkem myši na zvolenou možnost.</li>
    <li>Chcete-li svoji volbu změnit, klikněte na nově vybranou možnost.</li>
  </ol>
</body>
</html>