﻿<?xml version="1.0" encoding="utf-8"?><html xmlns:xsi="http://www.w3.org/2001/XMLSchema-instance" xsi:noNamespaceSchemaLocation="http://www.langmaster.com/new/author/coursemodelschema.xsd">
  <head>
    <title></title>
    <style />
  </head>
  <body xmlns:xsd="http://www.w3.org/2001/XMLSchema" xmlns:xsi="http://www.w3.org/2001/XMLSchema-instance">
  <h1 class="techInstr  ">{{th110|SORTING INTO GROUPS (WRITING)}}</h1>
  <p>{{tp13|Your task is to write down the items into several groups. Proceed as follows:}}</p>
  <ol>
    <li>{{tli32|Click on the empty space in the group - a blinking cursor appears.}}</li>
    <li>{{tli33|Type in the item using your keyboard.}}</li>
  </ol>
  <p>{{tp14|To edit the item, select it and make correction.}}</p>
</body>
</html>