﻿<?xml version="1.0" encoding="utf-8"?><html xmlns:xsi="http://www.w3.org/2001/XMLSchema-instance" xsi:noNamespaceSchemaLocation="http://www.langmaster.com/new/author/coursemodelschema.xsd">
  <head>
    <title></title>
    <style />
  </head>
  <body xmlns:xsd="http://www.w3.org/2001/XMLSchema" xmlns:xsi="http://www.w3.org/2001/XMLSchema-instance">
  <h1 class="techInstr  ">{{th116|TRUE/FALSE SENTENCES}}</h1>
  <p>{{tp25|Your task is to decide whether the sentences are true or false. Proceed as follows:}}</p>
  <ol>
    <li>{{tli52|If the sentence is true, click on True.}}</li>
    <li>{{tli53|If the sentence is false, click on False.}}</li>
  </ol>
</body>
</html>