﻿<?xml version="1.0" encoding="utf-8"?><html xmlns:xsi="http://www.w3.org/2001/XMLSchema-instance" xsi:noNamespaceSchemaLocation="http://www.langmaster.com/new/author/coursemodelschema.xsd">
  <head>
    <title></title>
    <style />
  </head>
  <body xmlns:xsd="http://www.w3.org/2001/XMLSchema" xmlns:xsi="http://www.w3.org/2001/XMLSchema-instance">
  <h1 class="techInstr  ">{{th123|VIDEO PLAYBACK}}</h1>
  <p>{{tp32|To play the video you can use the following controls from the bottom control bar.}}</p>
  <ol>
    <li>{{tli64|To start playing the video, click Play (&amp;gt;).}}</li>
    <li>{{tli65|To stop playing, click Pause (||).}}</li>
    <li>{{tli66|Use the arrows: |&amp;lt;&amp;lt;, &amp;gt;&amp;gt;|, to move one replica back or forward.}}</li>
    <li>{{tli67|Use the arrows: &amp;lt;&amp;lt;, &amp;gt;&amp;gt;, to move one sentence (part of the replica) back or forward.}}</li>
    <li>{{tli68|Use T (icon) to display or hide the subtitles.}}</li>
    <li>{{tli69|Use the microphone icon, to run the Listen&amp;amp;Talk application for the current sentence.}}</li>
    <li>{{tli70|Use the speaker icon to turn the sound on/off.}}</li>
  </ol>
</body>
</html>