﻿<?xml version="1.0" encoding="utf-8"?><html>
  <head>
    <title></title>
  </head>
  <body>
    <h1 class="techInstr  ">{{th361|LISTENING with FILLING IN FROM A MENU}}</h1>
    <p>{{tp361|Your task is to fill in the empty boxes based on the initial listening. We recommend to proceed as follows:}}</p>
    <ol>
      <li>{{tli361|First, go through the incomplete texts.}}</li>
      <li>
        {{tli362|Then, play the recording and try to capture the information concerning the incomplete texts. When listening, you can simultaneously fill in the correct answers.}}
      </li>
      <li>{{tli363|Click on the empty gap - a menu with items appears.}}</li>
      <li>{{tli364|Click a selected item. It will be filled in to the gap.}}</li>
      <li>{{tli365|If you do not capture all the information, you can listen to the recording repeatedly.}}</li>
      <li>{{tli366|Playing sound can be interrupted anytime by clicking Pause button and then continued by clicking Play button.}}</li>
      <li>{{tli367|Recording can be played from any place you choose. By clicking recording indicator specify the point from which you wish to start playing. Then click Play button.}}</li>
    </ol>
  </body>
</html>