﻿<?xml version="1.0" encoding="utf-8"?><html>
  <head>
    <title></title>
  </head>
  <body>
    <h1 class="techInstr  ">{{th341|LISTENING with SINGLE CHOICE}}</h1>
    <p>
      {{tp341|Your task is to select the correct answers based on the initial listening. We recommend to proceed as follows:}}
    </p>
    <ol>
      <li>{{tli341|First, go through all the tasks and the offered options.}}</li>
      <li>
        {{tli342|Then, play the recording and try to capture the information concerning the individual issues. When listening, you can simultaneously mark the correct answers.}}
      </li>
      <li>{{tli343|To choose the correct answer left click the selected option.}}</li>
      <li>{{tli344|If you wish to change your selection, click another option.}}</li>
      <li>{{tli345|If you do not capture all the information, you can listen to the recording repeatedly.}}</li>
      <li>{{tli346|Playing sound can be interrupted anytime by clicking Pause button and then continued by clicking Play button.}}</li>
      <li>{{tli347|Recording can be played from any place you choose. By clicking recording indicator specify the point from which you wish to start playing. Then click Play button.}}</li>
    </ol>
  </body>
</html>