﻿<?xml version="1.0" encoding="utf-8"?><html>
  <head>
    <title></title>
  </head>
  <body>
    <h1 class="techInstr  ">{{th351|LISTENING with FILLING IN}}</h1>
    <p>{{tp351|Your task is to fill in the empty boxes based on the initial listening. We recommend to proceed as follows:}}</p>
    <ol>
      <li>{{tli351|First, go through the incomplete texts.}}</li>
      <li>
        {{tli352|Then, play the recording and try to capture the information concerning the incomplete texts. When listening, you can simultaneously fill in the correct answers.}}
      </li>
      <li>{{tli353|Click on the empty gap, a blinking cursor appears.}}</li>
      <li>{{tli354|Type in the text using your keyboard.}}</li>
      <li>{{tli355|If you do not capture all the information, you can listen to the recording repeatedly.}}</li>
      <li>{{tli356|Playing sound can be interrupted anytime by clicking Pause button and then continued by clicking Play button.}}</li>
      <li>{{tli357|Recording can be played from any place you choose. By clicking recording indicator specify the point from which you wish to start playing. Then click Play button.}}</li>
    </ol>
  </body>
</html>